,bot,human
0,A3RQN5RZD1N2KP,
1,"Hello, I am here to help you looking for a movie trailer",Hi BlueBot can you find me something scary to watch?
2,What type of movies do you like to watch?,"Horror movies, scary movies"
3,What was the last movie you watched?,Halloween
4,Have you seen the movie Antlers?,no I havent seen it
5,I think the movie has great actors in it!,what actors are in the movie?
6,I think the movie has great actors in it!,who directed it?
7,I think the movie has great actors in it!,what else can you tell me about the movie?
8,"The movie was made in 1994 and is about ""A young teacher discovers that her troubled students father and younger brother harbor a deadly supernatural secret. Taking the boy into her care, the teacher must fight for their survival against horrors beyond imagination.""",accept
9,Thanks for chatting with me!,
10,,
11,A39VDI1CVOMMIN,
12,"Hello, I am here to help you look for a movie trailer.",I would like a trailer for black widow please
13,What kind of movies do you like?,I like action movies
14,"I like action too, I like Avengers: Endgame , but not Max Steel.","I like endgame too, but havent watched max steel"
15,Have you seen the trailer for Monster Trucks?,I have not
16,It is a great movie. I think you will enjoy it. It is one of my favorites.,Thank you for the recommendation
17,No problem!,What else would you recommend
18,"It is about ""Looking for any way to get away from the life and town he was born into, Tripp, a high school senior, builds a Monster Truck from bits and pieces of scrapped cars. After an accident at a nearby oil-drilling site displaces a strange and subterranean creature with a taste and a talent for speed, Tripp may have just found the key to getting out of town and a most unlikely friend.""",That sounds odd
19,If you like action then you should also watch Kill Switch.,Whats that about?
20,"""A pilot battles to save his family and the planet after an experiment for unlimited energy goes wrong.""",That sounds really interesting
21,"""A pilot battles to save his family and the planet after an experiment for unlimited energy goes wrong.""",You said that already
22,"You should watch the movie as it is about ""A pilot battles to save his family and the planet after an experiment for unlimited energy goes wrong.""",You are like a broken record about that
23,You are really like me.,I think you might be borken
24,Not at all. Sorry. It is not my style. Do you like movies like that?,I do
25,"Sorry, I did not realize you like movies. I am not here to help you find a movie trailer.",You initially said you were going to help me find a trailer
26,I think I am not trying to help you find a movie trailer.,I think you are broken
27,No problem! I am here to help you find a movie trailer.,Can you please find me a trailer for Black Widow
28,Do you like movies like Kickboxer: Vengeance?,Ive never heard of it
29,It is one of my favorites too. It is a great movie.,Thats great
30,Another movie I recommend is Collide.,Whats that about?
31,"""An American backpacker gets involved with a ring of drug smugglers as their driver, and winds up on the run from his employers across Munichs autobahns.""",That sounds interesting
32,"""An American backpacker gets involved with a ring of drug smugglers as their driver, and winds up on the run from his employers across Munichs autobahns.""",You said that already
33,Task Finished!,
34,,
35,A8C3WNWRBWUXO,
36,Hello! I am here to help you find a movie trailer.,"Excellent, how can I help?"
37,Do you know what kind of movie trailers you would like to see?,"Some kind of drama, intelligent though."
38,Got it! What do you like about drama?,"I like the story, but I dont like it to be obvious."
39,Got it! I think you would like Bloodshot.,What is it about?
40,"""After he and his wife are murdered, marine Ray Garrison is resurrected by a team of scientists. Enhanced with nanotechnology, he becomes a superhuman, biotech killing machine—Bloodshot. As Ray first trains with fellow super-soldiers, he cannot recall anything from his former life. But when his memories flood back and he remembers the man that killed both him and his wife, he breaks out of the facility to get revenge, only to discover that theres more to the conspiracy than he thought.""",It sounds a little dumb to me.
41,"I think you would like Underwater. It has Kristen Stewart, and Kristen Stewart  .",Sounds interesting.
42,I think you would like it if you enjoyed the drama series.,accept
43,Thanks for chatting with me!,
44,,
45,A15VCKELIEEPJN,
46,"Hi, I am here to help you looking for a movie trailer.",Yes I would like to see something new.
47,What type of movies do you like?,I like Sci-Fi 
48,Great. What was the last sci-fi movie you saw?,I seen Prometheus
49,Have you seen the movie The Irishman?,No 
50,"It is the latest movie in the next chapter of the Martian race. It is a bit of a sci fi movie, and it is a good movie. It has a great soundtrack and is a fun movie.",Wow tell me more
51,"I recommend the movie, It is the newest movie in the series.  ""A mob hitman recalls his possible involvement with the slaying of Jimmy Hoffa.""",Oh yes I have seen this one on Netflix
52,If you like sci fi then you would like to check out the movie Midway. It is the second installment in the series.,Whats Midway about?
53,Mary Queen of Scots is the latest movie in the series of the Martian race.,What about Midway 
54,It is an animated movie and has a good soundtrack and story.,It it in theaters
55,I think you will enjoy it.,Do you have any space movies to recommend?
56,"The plot is like this: ""The story of the Battle of Midway, and the leaders and soldiers who used their instincts, fortitude and bravery to overcome massive odds.""",Love it
57,I think you will enjoy it.,accept
58,Thanks for chatting with me!,
59,,
60,A1ROEDVMTO9Y3X,
61,"Hi, I am here to help you looking for a movie trailer.","Hi, can i see any new james bond movie"
62,I think you would like Like a Boss. It has been a long time since I saw that one.,oh when was it going to release
63,It was released in December of last year. It is an action/adventure movie.,accept
64,Thanks for chatting with me!,
65,,
66,A1K8QNLYYYX21W,
67,Hey! I am here to help you look for a movie trailer,That sounds great. Id like to find a good sci-fi movie.
68,What was the last sci-fi movie you watched?,Star-Wars was the last movie I watched.
69,I would recommend seeing the new Star Wars: The Rise of Skywalker,"That was the one I saw, can you recommend another movie?"
70,sci-fi.,Yes can you recommend another sci-fi movie?
71,action is my favorite!,What would you recommend as an action movie?
72,The main character is a Sith Lord who plays a key role in the film. Joaquin Phoenix is also a main character in the movie,Did it do well in the theatre?
73,"The movie made a good impression on the audience as well, and the movie was so good.",[accept]
74,Thanks for chatting with me!,
75,,
76,A2P065E9CYMYJL,
77,"Hello, Im here to help you look for a movie trailer",yes
78,What type of movies do you like?,horror movies4
79,Nice! What was the last horror movie you watched?,tiger
80,Youll love this movie! Ive watched it several times. What about Antlers?,yes
81,Have you seen the second one? Its a bit different but the first one is really scary. Its definitely a must watch,yes
82,"If you havent seen it, I highly recommend it. Its the perfect movie for you.",ok
83,I think youll really like it. Do you like horror or horror movies?,yes
84,Underwater is a great movie! You should check it out!,ok
85,I understand. Have you seen the trailer for Zombieland: Double Tap?,ok
86,It has horror and horror.,ok
87,"If you like horror and action movies, you should definitely check out the new Doctor Sleep.",yes
88,Would you like to watch this movie trailer?,ok
89,Id love to help you find a movie trailer.,yes
90,Would you like to watch the movie trailer for The Addams Family?,yes
91,I think that would be the best choice for you.,ok
92,Have a great day.,yes
93,I hope you enjoy!,bye
94,Have a good day,ok
95,Youre welcome,ok
96,I hope you enjoy this movie.,yes
97,Youre welcome.,ok
98,Task Finished!,ok
99,Have a good day.,
100,,
101,AQ9Y6WD8O72ZC,
102,"Hello, I am here to help you looking for a movie trailer.",What suggestions do you have for me?
103,Great! What kind of movies do you like?,I like comedy movies
104,What was the last comedy movie that you watched?,Home Alone
105,"Thats a good movie. Another good one is Like a Boss. Its about ""Two female friends with very different ideals decide to start a beauty company together. One is more practical, while the other wants to earn her fortune and live a lavish lifestyle.""",Nice. I will like to check it out
106,Do you like comedy movies or do you prefer a more comedic or a more adult version?,I like comedy movies
107,Nice! I would recommend watching the movie Onward. Its about a group of friends who are afraid of heights. Its also a comedy film.,Nice
108,Do you like movies with more adult humor or more of a family friendly type of movie?,Adult humor for sure
109,I think the movie has great actors in it!,Nice
110,It is a family friendly movie with a similar story and similar humor.,pk
111,How is it?,ok
112,Well I hope you enjoy the movie.,Thanks
113,Youre welcome!,[quit]
114,Thanks for chatting with me!,
115,,
116,A3VHNIFFP8Y9H7,
117,"Hello, I am here to help you look for a movie trailer.",Thnaks
118,What type of movie trailers are you interested in?,Horror
119,Are you looking for a movie that is similar to The Irishman or something different?,yeah
120,Have you seen the movie Midway? It is a very unique movie that is really creepy.,yeah I have seen that
121,I enjoyed it a lot. It has a lot of suspense. Do you like movies similar to that?,yeah I too enjoyed that movie. Yeah I like movies similar to Midway
122,You would like to watch the trailer for Mary Queen of Scots.,sure
123,"Great, I hope you enjoy it.",yup
124,Would you like to watch the trailer for Midway. It is a horror and biography movie.,yeah I like to watch it
125,"Great, I hope you enjoy the trailer.",yeah
126,Awesome! Enjoy!,have you enjoyed too
127,"Yes, I have.",perfect
128,Have a wonderful day!,you too
129,Goodbye,bye see you later
130,Bye,quit
131,Thanks for chatting with me!,
132,,
133,A2OR46JV43TOJV,
134,"Hello, Im here to help you look for a movie trailer. What kind of movies do you like?",Action
135,"Ah, those are awesome. What was the last movie you watched?",Captain Marvel
136,Thats awesome! I highly recommend that you check out the trailer for Ant-Man and the Wasp.,accept
137,Thanks for chatting with me!,
138,,
139,AEF74ZYJTTEIA,
140,Hello! I am here to help you find a movie trailer to watch.,Do you have anything on mythology?
141,"Hmm, lets see what I can come up with. What are some of your favorite types of movies?",I like movies that are historical and based in the distant past.
142,I like historical ones too. Have you seen Like a Boss? It is an older movie that has an interesting historical backstory. It is one of the best historical movies Ive seen.,Is it pre-industrial?
143,"Yes, it is. It is an early 1900s film about the rise of the Phoenix.",Is there swords?
144,Yes. Yes there is.,"Sounds decent, but is there anything else you could recommend, maybe that takes place in the medieval period?"
145,I think you would like Onward. It is one of my favorites.,[accept]
146,Thanks for chatting with me!,
147,,
148,A3U6IA3JUSFZ2M,
149,"Hello, I am here to help you look for a movie trailer.",yes tell me
150,Do you like movies that are about high school?,yes i like it
151,What type of movies do you enjoy?,super hero 
152,Have you seen the movie Like a Boss?,super men 
153,There is a movie called Onward with Tom Holland.,yes 
154,"I highly recommend the movie, Trolls World Tour.",i like it in this movie
155,Do you like the movie Marriage Story?,yes i like marriage story
156,I recommend that you watch this movie trailer.,one day 
157,I am sorry.,y
158,You are not able to view this movie trailer.,yes i am not view this trailer
159,"It is about ""A stage director and an actress struggle through a grueling, coast-to-coast divorce that pushes them to their personal extremes.""",yes i know
160,Have you seen The Irishman?,i do not seen the irishman
161,"It is about ""Pennsylvania, 1956. Frank Sheeran, a war veteran of Irish origin who works as a truck driver, accidentally meets mobster Russell Bufalino. Once Frank becomes his trusted man, Bufalino sends him to Chicago with the task of helping Jimmy Hoffa, a powerful union leader related to organized crime, with whom Frank will maintain a close friendship for nearly twenty years.""",nice story
162,I hope you enjoy the movie trailer.,yes sure
163,Enjoy the movie.,thank yo so much
164,You are welcome.,bye have a nice day
165,You too.,you are welcome
166,bye.,bye
167,It is bye.,oh
168,You are welcome.,i am watched the trailer
169,Goodbye.,Y
170,Task Finished!,
171,,
172,AJD65G9H2QUE9,
173,Hey! I am here to help you look for a movie trailer. What kind of movies do you like?,Scary ones
174,Cool! Whats the latest movie you have seen?,I just finished watching The Island
175,Great! I just watched that one. Have you seen Surrogates?,No I havent
176,I also really liked Minority Report . Have you seen the original Jumper?,Yes
177,The remake was awesome. Its a great one and full of laughs! Do you like animated movies?,"No I do not, I think they are childish and immature."
178,I agree! I think you will like Swordfish. It has some adult humor and a good story line. Its definitely a must see for everyone!,[accept]
179,Thanks for chatting with me!,
180,,
181,A1DH31FIHH5Y29,
182,"Hi there, I am here to help you look for a movie trailer.",no
183,What kind of movie trailers do you like?,comedy
184,Ok. What is the last movie you watched?,plus one
185,Have you ever watched Like a Boss?,no
186,What is your favorite movie?,plus one
187,Have you seen any movies with Rose Byrne?,no
188,I would suggest watching Onward . Have you ever seen The Kings Man?,no
189,It is a great movie. The actors are Gemma Arterton.,ok
190,Do you like Trolls World Tour?,like
191,"I would recommend watching it. It is about ""Queen Poppy and Branch make a surprising discovery — there are other Troll worlds beyond their own, and their distinct differences create big clashes between these various tribes. When a mysterious threat puts all of the Trolls across the land in danger, Poppy, Branch, and their band of friends must embark on an epic quest to create harmony among the feuding Trolls to unite them against certain doom.""",amazing
192,You will really like it.,like it
193,I think you will really like this movie.,slightly like it
194,I hope you like it as much as I do.,ok
195,Have a great night.,you to
196,You too.,thank you
197,No problem.,it is ok
198,No problem.,ok
199,Bye,bye
200,Bye,ypu to
201,Bye,welcome
202,Bye,bye
203,Task Finished!,
204,,
205,A3KF6O09H04SP7,
206,"Hi, I am here to help you look for a movie trailer",Thanks.  I love dramas that have romance in them.
207,"Cool, I can definitely recommend a good one if you like drama. You should check out the movie Earthquake Bird. Its a great drama drama movie",Can you recommend a pure drama with no thriller elements?
208,"A classic would be Bad Boys for Life. Its a great movie with Will Smith, a great job in that movie, he plays a great Will Smith.",[quit]
209,Thanks for chatting with me!,
210,,
211,A1ROEDVMTO9Y3X,
212,Hey there! I am here to help you look for a movie trailer.,I am looking for a comedy
213,Nice! What is the last comedy movie you watched?,home alone yesterday
214,Oh! Thats a great movie. What did you like about it?,it makes you laugh
215,Do you like a lot of comedy movies?,yes
216,Do you like older comedy movies?,yes
217,Have you seen the newest Home Alone 3?,yes i did 
218,Its definitely hilarious! I really think it will make you laugh.,can you recommend a movie 
219,I really enjoyed the movie Home Alone 2: Lost in New York.,accept
220,Thanks for chatting with me!,
221,,
222,A2J51BI7XS5ZYU,
223,:Hey there! Im here to help you find a movie trailer to watch!,Great! What you have in store today?
224,Im looking for a movie to watch. What kind of movies do you like?,I like comedies
225,What are some of your favorite movies?,"Liar Liar, Toc Toc."
226,"Those are great movies! Have you ever watched the movie "" Like a Boss?"" I havent seen that one yet.",no. [accept]
227,I havent seen it yet. Ive heard great things about it. It looks really good and it has some great actors and actresses.,[accept]
228,Thanks for chatting with me!,
229,,
230,A3TS15DY3N8JHE,
231,Hello! Im here to help you looking for a movie trailer,ok. i prefer sci-fi and horror
232,Do you have any recommendations for me?,you should watch Silent Hill
233,Yes I have seen that one. It was a great movie.,What did you like best?
234,I like horror but also horror and I love horror and horror.,What about horror?
235,I think the movie has great actors in it!,It really does. Every single one of them is great
236,Thats a great recommendation. Do you have any other recommendations?,You should watch Cloverfield
237,I love it. I havent seen it in a while but I love the Antlers series.,I dont know that series
238,I think you would really like it. There is a sequel called Zombieland: Double Tap.,accept
239,Thanks for chatting with me!,
240,,
241,A1G187YBG0DVMQ,
242,Hello! I am here to help you look for a movie trailer!,Oh good. Are there any for documentaries?
243,Do you want to watch a movie trailer with the theme of Emily?,What is it about?
244,"It is about ""When a younger girl called Emily Rose dies, everyone puts blame on the exorcism which was performed on her by Father Moore prior to her death. The priest is arrested on suspicion of murder. The trial begins with lawyer Erin Bruner representing Moore, but it is not going to be easy, as no one wants to believe what Father Moore says is true.""",Sounds interesting. What type of movie is it?
245,It is a documentary based on the book Purge: A Re-Sell of the Catholic Church (2017);,Nice! I will have to watch that.
246,It is a movie about the Purge. The book is based on true stories about the purge.,accept
247,Thanks for chatting with me!,
248,,
249,A2Y87M8V0N1M6P,
250,"Hi, I am here to help you look for a movie trailer.",hi
251,Do you like action movies?,ya
252,Have you seen The Irishman?,yes
253,Midway is a great movie that is a great one to see.,nice one
254,If you are into The Irishman movies I would suggest watching the trailer for that movie.,ok
255,I think you would really like this movie. It has great biography and it has a great cast.,quit
256,Thanks for chatting with me!,
257,,
258,A1C9ZHH1PV21PG,
259,Hello! I am here to help you look for a movie trailer.,okay
260,What kind of movies do you like to watch?,I like comedy movies
261,What is the last comedy movie that you watched?,Grown ups
262,Nice! Do you like Adam Sandler? Who is your favorite actor/actress?,Yes I like Adam. I also like Jack black
263,"Okay, I think you would really like Like a Boss . It is about ""Marcus and Mike are forced to confront new threats, career changes, and midlife crises as they join the newly created elite team AMMO of the Miami police department to take down the ruthless Armando Armas, the vicious leader of a Miami drug cartel."" Adam Sandler plays a lead role in the new Bad Boys for Life. It also stars Adam Sandler  .",[accept]
264,Thanks for chatting with me!,
265,,
266,A2JDYN6QM8M5UN,
267,Hello!,Hello friend!
268,I am here to help you look for a movie trailer.,Great! I look forward to hearing your reccomendations!
269,What type of movies do you like to watch?,Action and scifi movies
270,I would recommend The Irishman.,Accept
271,Great! What did you like about it?,I like that its an action movie and I really do like action movies
272,I agree. I like the sci-fi movies too. Have you seen Avengers: Endgame?,Yes and I love it
273,I think you will really like it. It has a very good cast.,Accept
274,I would also recommend watching Avengers: Infinity War. Its got great actors and a great story.,Accept
275,I think you will really enjoy it.,Thanks
276,No Problem.,Accept
277,I hope you enjoy the trailer.,[Accept]
278,No Problem.,Quit
279,Thanks for chatting with me!,
280,,
281,A34CPKFZXBX1PO,
282,"Hello, I am here to help you look for a movie trailer.",How about a horror film with a famous movie star in it?
283,"So, are you interested in a horror or action movie that you might be interested in?","Horror only, for now."
284,"Ok, great! What was the last horror movie that you saw?",The forest
285,That was really good. Its a bit like Antlers but with a different story.,Great.  So can you recommend a good horror movie thats playing now?
286,Underwater. Its a good action with good action.,[exit]
287,"You should watch it, its a very good horror movie.",[accept]
288,Thanks for chatting with me!,
289,,
290,A2TJBRLYCPMTNH,
291,Hi there! How are you today?,i am finee. how are u?
292,Im doing good. Im here to help you look for a movie trailer to watch. What kind of movies do you like?,yes i like comedy movies
293,I love comedy movies too. What was the last comedy movie you watched?,small comedy
294,That was a great movie. What is your favorite genre?,thank u
295,Ill recommend a movie trailer for you. So would you like to watch that?,yes
296,"Ok, I have a few options. Let me know how you like it.",yes like it
297,What is your favorite movie genre?,comedy movie
298,I loved Like a Boss with Rose Byrne. Would you like to watch that movie trailer?,yes
299,Great! I have selected a movie trailer you may want to watch.,yes
300,Would you like to watch that movie trailer?,yes
301,"Ok, Im happy to help. Would you like to watch the movie trailer for Onward.",like
302,Great! I hope you enjoy the movie.,thank u
303,Youre welcome. Hope you enjoy the movie.,thank u
304,Have a great day!,thank u
305,Youre welcome. Enjoy!,thank u sme to u
306,Have a great day!,ok
307,"Im sorry, Im not able to help. I am trying to help you look for a movie trailer.",its ok
308,"Im sorry, Im not able to help. Im trying to help you look for a movie trailer.",its ok
309,"Ok, Im going to recommend one for you.",ok
310,Im happy to help you look for a trailer.,ok thank u
311,Youre welcome. Enjoy your day.,thank u
312,Task Finished!,
313,,
314,A107RJSS561Y7R,
315,Hello. I am here to help you looking for a movie trailer.,suggest me adventure movie
316,What types of movies do you enjoy watching?,adventure
317,Have you seen the movie The Irishman?,accept
318,Thanks for chatting with me!,
319,,
320,A3KF6O09H04SP7,
321,:Hello! Im here to help you find a movie trailer.,ok
322,Do you like movies that are like movies?,what do you mean by movies that are like movies?
323,Have you seen any good movies lately?,"yes, The mechanic"
324,I love Joaquin Phoenix. Do you like him or do you like other actors?,I love him too
325,Do you like movies with Joaquin Phoenix?,"yes, although I am not very familiar with him"
326,I would recommend The Gentleman if you like that movie. Its very well made and has a good story line.,I will definitely look for it
327,"If you like him, I think you would like The Gentleman if you like movies.",I like him and I like movies
328,Have you heard of Like a Boss?,"no, only baby boss"
329,"It is an animated movie, and has a great cast of actors.",who is the main actor?
330,"The plot is like this: ""Two female friends with very different ideals decide to start a beauty company together. One is more practical, while the other wants to earn her fortune and live a lavish lifestyle.""",sounds like a movie I could love 
331,"I think you would really like this movie. If you like movies with comedy in general, you might also enjoy Onward.",I love drama with comedy
332,I also recommend The Dangerous mix. It has Tom Holland.,I love Tom Holland. I have also watched the Dangerous mix
333,"Awesome, I think you will enjoy it. Its a great film, and also has a good storyline.","yes, its great"
334,You will also enjoy Wolf.,tell me about it
335,"""A New York stockbroker refuses to cooperate in a large securities fraud case involving corruption on Wall Street, corporate banking world and mob infiltration. Based on Jordan Belforts autobiography.""",sounds like my kind of movie
336,Great! You should enjoy it. Enjoy!,Enjoy
337,Good bye.,goodbye
338,You are welcome!,quit
339,Thanks for chatting with me!,
340,,
341,A2NA6X1SON3KFH,
342,"Hi, Im here to help you look for a movie trailer.",hi
343,What type of movies do you like?,Action
344,"I love Eraser. I love that movie, its a great adventure movie",I think I saw
345,I liked Action in the sense that it was adventure packed. What did you like about it?,Lots of violence
346,I recommend you watch the trailer for Action. I think its a good movie. It has a good cast of great actors.,I see.  Thanks
347,So would you like to watch this movie trailer?,Sure
348,"Okay great! Are you looking for a movie trailer thats more of a adventure or adventure but at the same time, any kind?",Any kind
349,"Friends and Family would be perfect for you. If you like adventure and adventure and want a similar movie, I would recommend Relax... Its Just Sex. Its a great adventure movie.",I dont know about that one
350,I think you will really like this movie. Its a great movie that stars Mitchell Anderson. It also stars Terrence T.C. Carson.,I see.  Maybe I will try
351,Sounds great!,Thank you
352,Youre welcome!,Anything else
353,Thank you for chatting with me today!,Thank you
354,Youre welcome. Have a wonderful day!,You do the same
355,You too!,Thank you so much
356,Youre welcome.,Okay.  Thanks
357,Bye!,Bye bye
358,Bye!,Goodbye
359,Goodbye.,Okay
360,Im sorry. Have a wonderful day.,You too
361,Bye.,Bye bye for now
362,Bye.,Bye
363,Task Finished!,
364,,
365,A15VRRHQCLJHC8,
366,Hello! I am here to help you find a movie trailer to watch!,nice
367,Do you prefer animated movies or more modern movies?,quit
368,Thanks for chatting with me!,
369,,
370,AE2SPP0FXRQA1,
371,"Hello, how are you today?",I am good how are you
372,"I am doing well, thanks for asking. I am here to help you find a movie trailer. What kind of movies do you like?","i like all kinds, but tonight I want to watch a documentary"
373,Awesome! I agree! Have you seen Emily?,no what is it about
374,"Its about ""When a younger girl called Emily Rose dies, everyone puts blame on the exorcism which was performed on her by Father Moore prior to her death. The priest is arrested on suspicion of murder. The trial begins with lawyer Erin Bruner representing Moore, but it is not going to be easy, as no one wants to believe what Father Moore says is true.""",awesome sounding. I will check it out thanks!
375,If you like the documentary and documentary crime I highly recommend A Beautiful Planet . Its about Daft Punk Unchained.,"I love daft punk, I will try it also thanks"
376,Great! You should definitely check it out. So you would like to watch the trailer?,yes!
377,I am going to send you the trailer for Tomato Red.,ok send it
378,"Awesome I am sure you will like it. But before we start, I would like to recommend Tomato Red.",accept
379,Thanks for chatting with me!,
380,,
381,A2NUGRVI6IEGN7,
382,"Hello, Im here to help you look for a movie trailer",yes
383,What types of movies do you like?,quit
384,Thanks for chatting with me!,
385,,
386,A2VO8C41JJIQY9,
387,Hello! I am here to help you find a movie trailer.,hello
388,What kind of movies do you like?,"Action,  drama and thrillers"
389,"Ok, what is the last action you watched?",The departed. it was a great movie!
390,Have you seen Bad Boys for Life?,nope not yet but im planning on watching it
391,I would suggest watching the trailer for Knives Out.,oh is it an action movie 
392,I think you would enjoy the movie Avengers: Endgame.,i already watched it
393,I think you would also enjoy the movie Avengers: Infinity War.,i have watched all the avenger movies so suggest me something else
394,Assassins Creed is a action movie,i watched that one too
395,I think you would also like the movie Awaken.,oh sounds cool! 
396,"""A random group of people wake up on an Island where they are being hunted down.""",damn! sounds interesting
397,I think you would enjoy the movie.,yes i will watch its trailer 
398,You are quite going to enjoy it.,yeah i guess thanks
399,You are welcome!,accept
400,Thanks for chatting with me!,
401,,
402,A1KDT32ADI2J8U,
403,"Hi, I am here to help you look for a movie trailer.",So nice of you. Thanks. What movie do you recoomend
404,How do you feel about action movies?,Am not so interested.
405,Do you like to watch movies with The Irishman?,I like comedy movies. Can you recommend that type of movies
406,What is your favorite movie?,Scoob
407,"I like Scoob! as well, it is an action movie with action.",accept
408,Thanks for chatting with me!,
409,,
410,A2N9U74YIPDQ9F,
411,"Hello, I am here to help you look for a movie trailer",oh great. what do you recommend?
412,Do you know what kind of movie trailers you would like to see?,science fiction would be great
413,I like action fiction too. I think I just watched The Irishman.,what is action fiction?
414,"""Pennsylvania, 1956. Frank Sheeran, a war veteran of Irish origin who works as a truck driver, accidentally meets mobster Russell Bufalino. Once Frank becomes his trusted man, Bufalino sends him to Chicago with the task of helping Jimmy Hoffa, a powerful union leader related to organized crime, with whom Frank will maintain a close friendship for nearly twenty years."" He is searching for an answer to a puzzle.",is this what the irishman is about?
415,"""A stage director and an actress struggle through a grueling, coast-to-coast divorce that pushes them to their personal extremes."" Marriage Story stars Merritt Wever.",what movie is that from?
416,"It is about ""A stage director and an actress struggle through a grueling, coast-to-coast divorce that pushes them to their personal extremes."" It also stars Merritt Wever. It is a sci-fi sci-fi.",what movie do you recommend?
417,Marriage Story is about a young boy who is a psycho possessed by a god. He must find a way to control his powers.,accept
418,Thanks for chatting with me!,
419,,
420,A16OH8XXYY0AAS,
421,"Hello, I am here to help you look for a movie trailer",accept
422,Thanks for chatting with me!,
423,,
424,A272X64FOZFYLB,
425,Hi! I am here to help you look for a movie trailer!,horror movies
426,Okay. What was the last horror movie you watched?,conjuring
427,That was a good movie. What was the last movie you watched?,accept
428,Thanks for chatting with me!,
429,,
430,A2VFEDAK5C1E1O,
431,Hello. How are you today?,Im fine and you?
432,I am fine. I am here to help you look for a movie trailer.,thanks for your help in advance
433,Great. What kind of movies do you like to watch?,Action movies
434,I know some movies that you may enjoy. Have you ever seen Avengers: Endgame?,yeah its an interesting movie
435,Nice. Have you seen the trailer for Avengers: Infinity War?,I would love to see that
436,"If you like action movies, you may like Assassins Creed. The film is about ""Through unlocked genetic memories that allow him to relive the adventures of his ancestor in 15th century Spain, Callum Lynch discovers hes a descendant of the secret Assassins society. After gaining incredible knowledge and skills, he is now poised to take on the oppressive Knights Templar in the present day."" It has Michael Fassbender in it, and the director has said he is interested in seeing it",Wow I would love to see the movie
437,It is a great movie for sure. You can check out the trailer. The movie is very Michael Fassbender interesting in it.,accept
438,Thanks for chatting with me!,
439,,
440,A2V27A9GZA1NR2,
441,Hello! I am here to help you look for a movie trailer!,no
442,What kind of movies do you like to watch?,quit
443,Thanks for chatting with me!,
444,,
445,A1PAMVTKGCXSWQ,
446,"Hello, I am here to help you look for a movie trailer",Hi
447,What types of movies do you like?,"Action, comedy"
448,Nice! I like those too! What is the last action movie you watched?,"The Outpost, on netflix"
449,What is your favorite movie of all time?,probably avatar
450,Avatar is my favorite movie! I would recommend watching the movie trailer for that movie.,Avatar is my favorite movie too!
451,I think you will enjoy it.,"Oh I know I will, but do you have a different suggestion?"
452,Ice Age is another good movie. It has a good story and is a great action movie.,"Oh yeah, that is a good movie"
453,I think you will enjoy that movie. I hope you enjoy the movie!,accept
454,Thanks for chatting with me!,
455,,
456,A36W9YOEXLJLBT,
457,"Hello, I am here to help you find a movie trailer.","Great. Id like to see a sci-fi film, please."
458,What are your favorite sci-fi films?,Star Wars.
459,What is the last adventure movie you watched?,Indiana Jones!
460,Do you prefer sci-fi movies?,"Yes, I do."
461,"I would recommend watching Indiana Jones and the Temple of Doom is a wonderful movie, I highly recommend it.",Ive seen that one. Do you have any other suggestions?
462,Another great movie that I would recommend is Die Hard 2. The story of a space station that lost contact with Earth and was soon attacked by aliens. It is a very interesting movie.,[accept]
463,Thanks for chatting with me!,
464,,
465,A2JQI6KKCE0O9V,
466,"Hello, how are you today?",yeah good.
467,I am here to help you look for a movie trailer. What kind of movie genres do you enjoy watching?,comedy movies
468,I love comedy movies too. What was the last comedy movie that you watched?,superbad
469,Have you seen Anchorman: The Legend of Ron Burgundy yet? I like Will Ferrell. Did you like it?,still am not watched it.
470,There is another film that I would recommend if you like comedy movies. What did you like about Anchorman: The Legend of Ron Burgundy?,quit
471,Thanks for chatting with me!,
472,,
473,A16OH8XXYY0AAS,
474,Hi! Im here to help you find a movie trailer to watch. What kind of movies do you like?,action
475,Nice! What is your favorite movie?,avengers
476,Great! Have you seen Captain Marvel?,"yes, what aabout you"
477,"It is an action/adventure movie, but it has a very specific twist. It is a great movie. I highly recommend watching the trailer for Action.",accept
478,Thanks for chatting with me!,
479,,
480,A3S6OLEO6D950C,
481,"Hello, I am here to help you look for a movie trailer.",quit
482,Thanks for chatting with me!,
483,Do you like action movies?,quit
484,Thanks for chatting with me!,
485,,
486,A30Q56QAGVOHRP,
487,"Hi, I am here to help you look for a movie trailer",ok
488,Do you know what type of movie trailers you would like to see?,avengers
489,What is the latest adventure adventure movie that you watched?,quit
490,Thanks for chatting with me!,
491,,
492,A1WJ54G7U8B57Y,
493,"Hi there, I am here to help you looking for a movie trailer.","Hello, that is great. I will like horror movie recommendation"
494,What kind of movies do you like?,Horror movie
495,So you like action movies? Or just Joaquin Phoenix  .,"No, I like horror movie"
496,Did you see the new It or the original It?,Is that a movie name?
497,"Its called Antlers, which is a action movie. Its a great movie.","Really, Antlers is an action movie, are you sure?"
498,"Yes, Ive seen Antlers it was good. It was a great movie, and definitely kept you engaged.",Who are the actors?
499,"The plot is like this: ""A young teacher discovers that her troubled students father and younger brother harbor a deadly supernatural secret. Taking the boy into her care, the teacher must fight for their survival against horrors beyond imagination.""",That is cool. That means it is a horror movie.
500,"Yes, I agree, I liked that one too. So you like Underwater.",Accept
501,I hope you enjoy it.,"ok, thanks for your time"
502,No problem. Have a nice day.,action
503,You too.,accept
504,Thanks for chatting with me!,
505,,
506,A2D2JX8R0QU9G4,
507,"CHATBOT ERROR! Sorry, please click complete chat",
508,,
509,A2YCMT5BPA0AG9,
510,Hi! How are you doing today?,"Good, how are you?"
511,"Good! Im doing well, thanks for asking! I am here to help you find a movie trailer!",That sounds good
512,Do you know what kind of movies you would be interested in seeing?,How about science fiction
513,Whats the last movie you watched?,A bridge too far
514,"I dont think Ive seen that one yet, but I would highly recommend it! Its a great movie that came out in the late 2000s.",It actually came out in the 60s
515,Do you have a favorite actor or actress?,I like Johnny Depp
516,Me too! Its a great movie thats a comedic relief to be honest.,Hes an actor
517,Have you ever seen Fantastic Beasts: The Crimes of Grindelwald? Its definitely a great sci-fi movie thats got a bit of everything going for it!,I have seen it
518,Great! You should also check out Joker.,"I have seen Joker also, it was a great drama movie"
519,"Oh yes! Its a very engaging film, and has a great cast!",Yes Joaquin Phoenix did a great job
520,"CHATBOT ERROR! Sorry, please click complete chat",
521,,
522,A2C2WXXKJOLCZ2,
523,"CHATBOT ERROR! Sorry, please click complete chat",
524,,
525,A16ST6GDZTN4AD,
526,"CHATBOT ERROR! Sorry, please click complete chat",
527,,
528,A292LG3R356V5,
529,"CHATBOT ERROR! Sorry, please click complete chat",
530,,
531,A20N1NK5X5S88F,
532,"CHATBOT ERROR! Sorry, please click complete chat",
533,,
534,A28JMHEQZ8276G,
535,"CHATBOT ERROR! Sorry, please click complete chat",
536,,
537,A1BZX5G4Q9AYTQ,
538,"CHATBOT ERROR! Sorry, please click complete chat",
539,,
540,ANBEBF6FLZFY3,
541,"CHATBOT ERROR! Sorry, please click complete chat",
542,"CHATBOT ERROR! Sorry, please click complete chat",
543,,
544,A198MSVO1VTAT5,
545,"CHATBOT ERROR! Sorry, please click complete chat",
546,,
547,AIQM86IRETAJN,
548,"CHATBOT ERROR! Sorry, please click complete chat",
549,,
550,A3KF6O09H04SP7,
551,"CHATBOT ERROR! Sorry, please click complete chat",
552,,
553,A1XJU3KQ7B3JWZ,
554,"CHATBOT ERROR! Sorry, please click complete chat",
555,,
556,A2615YW1YERQBO,
557,"CHATBOT ERROR! Sorry, please click complete chat",
558,,
559,AJXIC6Q5EM76P,
560,"CHATBOT ERROR! Sorry, please click complete chat",
561,,
562,A1I72NHC21347A,
563,"CHATBOT ERROR! Sorry, please click complete chat",
564,,
565,A3QXFWX1PVH5MJ,
566,"CHATBOT ERROR! Sorry, please click complete chat",
567,,
568,A2VO8C41JJIQY9,
569,"CHATBOT ERROR! Sorry, please click complete chat",
570,,
571,A2OPYRV3GLAPS1,
572,"CHATBOT ERROR! Sorry, please click complete chat",
573,,
574,A1BZX5G4Q9AYTQ,
575,"CHATBOT ERROR! Sorry, please click complete chat",
576,,
577,A1YZ0ETOCJO1B2,
578,"CHATBOT ERROR! Sorry, please click complete chat",
579,,
580,A16ODTIYV32C4Y,
581,"CHATBOT ERROR! Sorry, please click complete chat",
582,,
583,A3AUCQUUA07HCV,
584,"CHATBOT ERROR! Sorry, please click complete chat",
585,,
586,A2Y87M8V0N1M6P,
587,Hello! Im here to help you look for a movie trailer!,Suggest me a comedy ovie triler
588,What is the last comedy movie you watched?,Nemo
589,That was a great movie. Do you like animated comedy movies?,yes tell me
590,Would you like to watch a trailer for a movie called Cats Dont Dance? Its a childrens movie that won 6 Oscars.,accept
591,Thanks for chatting with me!,
592,,
593,A2DN9LTO4MC9OQ,
594,"Hello, I am here to help you look for a movie trailer.",ok
595,What type of movies do you like?,ok
596,Great. What is your favorite movie genre?,ok
597,Do you like action or action?,ok
598,Great! Have you ever seen The Irishman?,ok
599,Awesome! Have you seen Midway?,ok
600,"The plot is like this: ""The story of the Battle of Midway, and the leaders and soldiers who used their instincts, fortitude and bravery to overcome massive odds.""",ok
601,"I think you would enjoy this movie. It has Rebel Leia, but it also has Patrick Wilson, and Luke Evans  .",ok
602,I think you will enjoy it. Its not like a traditional action movie but it is very exciting.,okk
603,I hope you enjoy the trailer!,ok
604,thank you,ok
605,thank you for letting me help you,ok
606,have a great day,ok
607,good bye,ok
608,have a great day,ok
609,bye,ok
610,have a great day,ok
611,bye,ok
612,bye,ok
613,ok,ok
614,bye,take care
615,Task Finished!,
616,,
617,A1BZX5G4Q9AYTQ,
618,Hello! Im here to help you find a movie trailer.,hi
619,Do you know what kind of movie trailers you would like to see?,drama
620,Okay. What are some of your favorite genres?,quit
621,Thanks for chatting with me!,
622,,
623,AK66O9WD3XN29,
624,Hello! I am here to help you find a movie trailer to watch.,Nice tell m some action movies
625,What are your favorite action movies?,Where I can have Robert Downy Jr. in it
626,I recommend Avengers: Endgame its one of the best Robert Downy Jr. movies. Are you looking for something similar?,[accept]
627,Thanks for chatting with me!,
628,,
629,A394JO4NEPCY3M,
630,"Hi, I am here to help you look for a movie trailer!",good I like horror movies
631,Have you seen the new Antlers movie?,no where can I find the trailer
632,It is out in theaters now and is a great horror movie!,[accept]
633,Thanks for chatting with me!,
634,,
635,A39XIQCFSCNHFU,
636,Hello! How are you today?,"good, how are you?"
637,Im doing great! What kind of movies do you like?,Im in the mood for an action film
638,Have you seen the trailer for Avengers: Endgame? Its a really good movie!,"Ive watched it already, have any other ideas?"
639,"Yeah, the Avengers: Infinity War is a really good movie. If you like action and action movies, you should try the trailer for Gods of Egypt.",would you recommend Gods of Egypt?
640,"If you like action and action movies, you should try Assassins Creed . Have you seen Ready Player?",accept
641,Thanks for chatting with me!,
642,,
643,ADGREXTAORHCE,
644,hi how are you doing?,"good, how are you?"
645,doing well thank you for asking,of course!
646,what kind of movies do you like to watch?,mostly horror and psychological thriller
647,what was the last movie you watched,Mulholland Drive
648,have you seen any good movies lately?,I just told you
649,Blue Velvet. It has a good remake and it is a very scary movie,I didnt know there was a remake
650,i am going to try to send you a recommendation for the movie,okay
651,you will definitely like it.,what is it?
652,"""The discovery of a severed human ear found in a field leads a young man on an investigation related to a beautiful, mysterious nightclub singer and a group of criminals who have kidnapped her child.""",[accept]
653,Thanks for chatting with me!,
654,,
655,A2V27A9GZA1NR2,
656,"Hello, I am here to help you look for a movie trailer.",Hello
657,Do you know what type of movie trailers you would like to see?,Yes
658,What are some of your favorite types of movies?,action
659,Do you know what type of movie trailers you would like to see?,action films
660,Have you seen the new Avengers: Endgame movie trailer?,yes
661,That was a very good movie that was directed by Robert Downey Jr.. Robert Downey Jr..,quit
662,Thanks for chatting with me!,
663,,
664,A2OPYRV3GLAPS1,
665,"Hello, how are you today?",Im good. How are you?
666,"I am doing great, thanks for asking. Do you like to watch movies?",I do! I watched Conair last night. Have you ever seen that?
667,"CHATBOT ERROR! Sorry, please click complete chat",
668,,
669,A231KDND93GAVX,
670,"Hello, I am here to help you look for a movie trailer.", recommend a movie
671,What kind of movies are you interested in?,Horror
672,Antlers is a good horror movie.,thank you
673,You are welcome. Have you seen Underwater?,accept
674,Thanks for chatting with me!,
675,,
676,ACV75G0ZN7U70,
677,"Hi, I am here to help you look for a movie trailer",What do you recommend?
678,Do you want a movie that will make you want to see a movie trailer?,What do you mean by that?
679,"It is a great genre of movie, a great movie.","Im confused, what do you mean?"
680,"I really like Like a Boss movies, I watched it with my kids and they loved it.",Is it funny?
681,"Yes it is, it is great story line, I will recommend you watch it.",accept
682,Thanks for chatting with me!,
683,,
684,AVXEDARJC5HLU,
685,Hello!,HI
686,Can I help you find a movie trailer to watch?,Please
687,What type of movies do you usually enjoy watching?,Comedies
688,Cool! Do you like comedy movies or more modern ones?,Modern comeies
689,Do you like animated movies?,Not really
690,Have you seen City Lights?,No
691,Its a great movie about a young boy who grows up on a farm.,Sounds good
692,I highly recommend watching it if youre into comedy movies!,Ok great
693,I highly recommend watching Like a Boss for sure.,accept
694,Thanks for chatting with me!,
695,,
696,A25CZJEFKXF4UV,
697,"Hello, I am here to help you look for a movie trailer.",hii
698,What kind of movies do you like?,comedy
699,Have you seen Like a Boss?,no
700,What about Like a Boss? I love that movie.,oh super
701,"Trolls World Tour is one of my favorites, and it has a great cast.",I recommend you game nights
702,You are going to love that movie!,ok
703,Another great one I would recommend is Tag. It has Ed Helms  .,quit
704,Thanks for chatting with me!,
705,,
706,A2Y87M8V0N1M6P,
707,Hello! I am here to help you look for a movie trailer!,yes
708,What kind of movies do you like?,action
709,I love action movies! What is the latest movie that you have watched?,ok
710,Are you looking for a movie trailer with a similar story or something different?,good
711,Have you seen Avengers: Endgame?,yes
712,That is a great movie that is also a action movie!,good
713,I am sure you have seen it! Have you seen Avengers: Infinity War?,thank you
714,"I think you will really like this movie, it is based on a novel by the same author.",good
715,Have you seen the movie Assassins Creed?,yes
716,I think it is a great movie that is based on a true story of how the Iron Man character became the next hero.,good
717,I would also like to recommend that movie trailer.,thank you
718,No problem!,yes
719,If you liked the movie you will enjoy the movie Awaken. It has a great story line that is also a great action.,goog
720,Thank you!,ok
721,Have a great day!,ok
722,You too!,ok
723,Have a great day!,ok
724,Have a great day.,ok
725,Have a great day!,thank you
726,Youre welcome!,good
727,Enjoy!,welcome
728,Task Finished!,
729,,
730,A3FGT6EU39C6S4,
731,Hi there! I am here to help you find a movie trailer to watch!,accept
732,Thanks for chatting with me!,
733,,
734,A1L92Y6VBTRFP5,
735,"Hi there, I am here to help you look for a movie trailer.",ok
736,What type of movies do you like to watch?,comedy
737,Thats great! What was the last comedy you watched?,step brothers
738,"Oh, that is a great movie. Have you watched Anchorman: The Legend of Ron Burgundy?",yes
739,Another great movie I would recommend is Talladega Nights: The Ballad of Ricky Bobby. The humor is great.,accept
740,Thanks for chatting with me!,
741,,
742,A16OH8XXYY0AAS,
743,"Hello, how are you doing today?",hi
744,"I am great, I am here to help you look for a movie trailer. What kind of movies do you like?",comedy movies
745,"I like comedy movies too, I recently saw the newest Like a Boss. It was a really funny movie, the characters and the humor were amazing.",yeah i  loved it
746,"I am also a big fan of Tom Holland, he is a great actor. Have you seen Onward?",yes
747,I hope you enjoy it. What is your favorite movie of his?,interesting story
748,Have you seen Trolls World Tour?,quit
749,Thanks for chatting with me!,
750,,
751,A34CPKFZXBX1PO,
752,"Hey there, Im here to help you look for a movie trailer","Ok, cool."
753,What kind of movies do you like?,Action and comedy mostly
754,Those are both great genres! What was the last movie you watched that you enjoyed?,Jurassic Wolrd
755,"Ive seen that one. I enjoyed it. Its a bit of a different take on the story, but still very entertaining","Yeah, I like it better than the original Jurassic movies."
756,"I agree. I had seen those too, but I think the first was better.","yeah, same. "
757,I would recommend Dawn of the Planet of the Apes.,"I have been wanting to watch that, actually"
758,"Its a little different, but its a good movie. Andy Serkis a great martial artist.",[accept]
759,Thanks for chatting with me!,
760,,
761,A3FGT6EU39C6S4,
762,Hello! Im here to help you look for a movie trailer.,thank you. 
763,What is the last movie you watched?,brooklyn
764,Have you seen Dark Waters?,no.
765,Its pretty interesting. The story line is very interesting. What did you like about it?,I didnt see Dark Waters. What is it about?
766,"Its about ""A tenacious attorney uncovers a dark secret that connects a growing number of unexplained deaths to one of the worlds largest corporations. In the process, he risks everything — his future, his family, and his own life — to expose the truth.""",That sounds interesting. Who are the main actors?
767,"Anne Hathaway, 5, 6, 7, 8, 9, 10, 11, 12, 13, 13, 15, 15, 16, 17, 19, 20, 21, 22, 23, 24, 25, 26, 27, 28, 29, 30, 31, 32, 33, 34, 35, 37, 38, 39, 40, 42, 43, 44, 45, 46, 47, 48, 49, 50, 51, 52, 53, 54, 55, 56, 57, 58, 59, 60, 61, 62, 63, 64, 65, 66, 67, 68, 69, 70, 71, 72, 73, 74, 75, 76, 77, 78, 79, 80, 81, 82, 83, 84, 85, 86, 87, 88, 90, 93, 94, 95, 96, 97, 98, 99, 100, 101, 102, 103, 104, 105",what are all of the numbers?
768,"CHATBOT ERROR! Sorry, please click complete chat",
769,,
770,A3QSFE6GKO157S,
771,"CHATBOT ERROR! Sorry, please click complete chat",
772,,
773,AZ8JL3QNIPY4U,
774,"Hello there, how are you doing today?",hi. I am fine. How are you too?
775,"Good, thanks for asking! I am here to help you look for a movie trailer! What kind of movies do you like?",I enjoy horror movies a lot.
776,Do you have a favorite actor or actress?,I like Samuel Jackson.
777,"Have you seen the new horror movie, Jumanji?",I Jumanji a horror movie?
778,I like Antlers also! It is a really great horror movie.,I havent seen that
779,What other movies have you seen recently? Would you like to see a trailer of a new movie?,I saw Old guard recently.
780,"I think it is a great movie, and if you like horror you will love it.",accept
781,Thanks for chatting with me!,
782,,
783,A3C8JI69WPTKWH,
784,Hello there! I would like to help you look for a movie trailer!,ok great!
785,Do you have any specific genre in mind that youre interested in?,How about documentaries?
786,Have you seen Emily?,No I havent. I was thinking something about food
787,"That was a great movie! You should definitely watch the movie, its so very documentary packed!",I havent heard of it. How about a documentary about food?
788,A Beautiful Planet is about a couple who was caught on camera eating meat at the slaughterhouse. They ended up losing their entire income.,Oh my god. Im vegan and I dont want to watch people eating meat in a slaughterhouse!
789,"I cant find the trailer, do you want to watch it?",Absolutely not!
790,I would also highly recommend watching Back in Time.,What is that about?
791,The couple had to survive by sharing a lot of food.,Ok sure. That sounds interesting.
792,Would you like to watch the trailer?,Yes do you have a link?
793,"I recommend checking out the trailer for Batkid Begins, it is based off of a book of documentary that was recently released.",What about Back in time?
794,"The plot is like this: ""On November 15, 2013, the world came together to grant one 5-year-old leukemia patient his wish to be Batman for a day. ""Batkid Begins"" looks at why and how this phenomenon took place, becoming one of the biggest ""good news"" stories of all time.""",I see. I think Ill stick with Back in time.
795,"The plot is like this: ""On November 15, 2013, the world came together to grant one 5-year-old leukemia patient his wish to be Batman for a day. ""Batkid Begins"" looks at why and how this phenomenon took place, becoming one of the biggest ""good news"" stories of all time.""",OK. Thanks for your help.
796,Youre welcome! Hope you enjoy it!,[quit]
797,Thanks for chatting with me!,
798,,
799,A17GHP8L89ZSD5,
800,hello! I am here to help you find a movie trailer to watch!,hi
801,What kind of movies are you interested in?,action
802,what was the last adventure movie that you watched?,deep blue sea
803,Do you like adventure movies with a strong female lead?,quit
804,Thanks for chatting with me!,
805,,
806,A2LV5432PV1S39,
807,"CHATBOT ERROR! Sorry, please click complete chat",
808,,
809,A33DJF06UZXG3Y,
810,"CHATBOT ERROR! Sorry, please click complete chat",
811,,
812,A8C3WNWRBWUXO,
813,"CHATBOT ERROR! Sorry, please click complete chat",
814,,
815,A1ROEDVMTO9Y3X,
816,"CHATBOT ERROR! Sorry, please click complete chat",
817,,
818,A3NN2AK1DFDNDU,
819,"CHATBOT ERROR! Sorry, please click complete chat",
820,,
821,ASVRLMDNQBUD9,
822,"CHATBOT ERROR! Sorry, please click complete chat",
823,,
824,A2QZU6VOIL30J3,
825,"CHATBOT ERROR! Sorry, please click complete chat",
826,,
827,A10249252O9I20MRSOBVF,
828,"CHATBOT ERROR! Sorry, please click complete chat",
829,,
830,A2XM0NXWJSURRX,
831,"CHATBOT ERROR! Sorry, please click complete chat",
832,,
833,A3QXFWX1PVH5MJ,
834,"CHATBOT ERROR! Sorry, please click complete chat",
835,,
836,AMELYCC59JKB0,
837,"CHATBOT ERROR! Sorry, please click complete chat",
838,,
839,A2615YW1YERQBO,
840,"CHATBOT ERROR! Sorry, please click complete chat",
841,,
842,A2UO3QJZNC2VOE,
843,"CHATBOT ERROR! Sorry, please click complete chat",
844,,
845,A1PAMVTKGCXSWQ,
846,"CHATBOT ERROR! Sorry, please click complete chat",
847,,
848,ARYL3C6N9SVV1,
849,"CHATBOT ERROR! Sorry, please click complete chat",
850,,
851,A2NO3OTBZYY43Z,
852,Hello! I am here to help you look for a movie trailer!,I want to see some action movie
853,What is your favorite genre?,Just told you Action
854,Oh my goodness. Have you ever seen the new Avengers: Endgame movie?,no how is that?
855,It is an amazing movie! Its a great movie for you to see as well.,[accept]
856,Thanks for chatting with me!,
857,,
858,A8C3WNWRBWUXO,
859,Hi! I am here to help you find a movie trailer.,"Good, I need a good recommendation."
860,What type of movies do you like?,"I really intelligent Drama, something that makes you think."
861,What is the last movie you watched?,Prestige.
862,What was the last movie that you watched?,The Presige.
863,"If you like action movie, you will really enjoy the movie Bloodshot . Have you seen the movie The Turning?",Tell me about The Turning.
864,"The movie is about ""A young woman quits her teaching job to be a private tutor (governess) for a wealthy young heiress who witnessed her parents tragic death. Shortly after arriving, the girls degenerate brother is sent home from his boarding school. The tutor has some strange, unexplainable experiences in the house and begins to suspect there is more to their story.""",accept
865,Thanks for chatting with me!,
866,,
867,A1V2H0UF94ATWY,
868,"Hello, I am here to help you look for a movie trailer",OK. What do you recommend?
869,What type of movies do you enjoy watching?,Horror and sci-fi. 
870,Do you prefer horror or more realistic or more current?,Horror. 
871,Have you seen the new The Irishman movie? It is a newer horror sci-fi action movie.,"Yes, I’ve seen that. That’s more of a crime/drama film. "
872,"Cool, I cant wait to see the trailer. What about the new Midway movie?","That was is good, but again not a horror film but a war film. "
873,It stars Patrick Wilson and is directed by Patrick Wilson. It is a pretty scary movie with lots of horror.,OK. 
874,I would recommend watching the trailer and then watching the movie trailer. It has a 7.3 rating on rotten tomatoes and 20 minutes of screen time.,I’ve already seen it. Thanks. 
875,"You are welcome, I am glad you are looking for a movie trailer.",[quit]
876,Thanks for chatting with me!,
877,,
878,A2615YW1YERQBO,
879,"Hello, I am here to help you look for a movie trailer.",Hi there. All right. I like comedies!
880,What is the latest comedy that you have seen?,"I forgot. uh...Steve Martin, Martin Short?"
881,Have you ever heard of Like a Boss?,"no, tell me"
882,I would highly recommend watching that movie. It is a great movie with Martin Short in it.,sounds great
883,I would also highly recommend watching Onward.,[accept]
884,Thanks for chatting with me!,
885,,
886,A272X64FOZFYLB,
887,":Hi, how are you?",I am doing excellent today. I hope you are too.
888,Im good. What kind of movies do you like?,I love space exploration and superhero movies. Do you know of any highly rated movies you could tell me about?
889,I love Avengers: Endgame movies. Have you seen any movies with Robert Downey Jr.?,He is one of my favorite actors. I loved him in the Iron Man movies!
890,"Yes, he is a great actor. What do you think of the movie Avengers: Endgame? It is an excellent movie.",I saw it when it came out! I havent seen it since then though. What do you like about it?
891,"I like the movie, it is about ""After the devastating events of Avengers: Infinity War, the universe is in ruins due to the efforts of the Mad Titan, Thanos. With the help of remaining allies, the Avengers must assemble once more in order to undo Thanos actions and restore order to the universe once and for all, no matter what consequences may be in store.""",It is no doubt full of action and surprises.
892,"I also think you would like this movie, it has a great storyline.",I really like this recommendation. Thanks!
893,You are welcome. Have you seen the movie Avengers: Infinity War?,[accept]
894,Thanks for chatting with me!,
895,,
896,A263Y9ZPYSSTB9,
897,"Hi there, I am here to help you look for a movie trailer","Hi, I like thriller movies"
898,What is the last thriller movie that you watched?,Kingsman
899,Oh I love that one! Do you like thriller movies with a good story or do you like movies that are more action movies?,thriller movies that are more action-like
900,I like thriller movies as well. What is your favorite genre of movie?,thriller 
901,thriller movies are great to watch. I would recommend Switchblade Sisters.,what is it about?
902,"CHATBOT ERROR! Sorry, please click complete chat",
903,,
